{
  "horizon_bars": 12,
  "horizon_minutes": 60,
  "target": "log_rv_future_12",
  "models": {
    "persistence": {
      "test_rmse": 0.9774995765402338,
      "test_mae": 0.7628623802504779,
      "test_r2": 0.4031644105463742
    },
    "ar49": {
      "test_rmse": 0.8640665230562387,
      "test_mae": 0.6709895921582468,
      "test_r2": 0.5336457754686932
    },
    "har_logrv_global": {
      "test_rmse": 0.860810744405,
      "test_mae": 0.669128350198,
      "test_r2": 0.537273613449
    },
    "knn_k200": {
      "test_rmse": 0.876533676685,
      "test_mae": 0.681155852874,
      "test_r2": 0.520215603039
    },
    "knn_k50": {
      "test_rmse": 0.8940138524471949,
      "test_mae": 0.6935504384571773,
      "test_r2": 0.5007592204456428
    }
  },
  "recommended_model": "har_logrv_global",
  "source_phase": "phase14_har_logrv_mvp",
  "source_artifacts": [
    "reports/tables/phase14_prediction_summary.json",
    "reports/tables/phase14_test_metrics.csv",
    "reports/tables/phase11_prediction_summary.json",
    "reports/tables/phase11_test_metrics.csv",
    "reports/tables/phase12_test_metrics.csv"
  ]
}
